Rank,Overall,Competitor,Country,Age_Category,Swim,Trans1,Bike,Trans2,Run,Finish,Comment
1,2,Maria Simone,USA,W2,02:37:00,00:09:06,13:43:09,00:26:06,09:52:51,Â 26:48:12,
2,4,Laura Brock,USA,W1,02:59:00,00:17:51,14:23:34,00:10:56,10:47:29,Â 28:38:50, 
3,7,Danielle Winkler,USA,W2,03:01:00,00:18:38,16:04:22,00:20:33,13:17:39,Â 33:02:12,
4,8,Colleen Wilcox,USA,W2,02:39:00,00:18:20,14:47:13,00:14:35,15:03:04,Â 33:02:12, 
5,10,Laura Knoblach,USA,W1,03:11:00,00:15:27,15:31:22,00:17:36,15:05:13,Â 34:20:38,
