Rank,Overall,Competitor,Country,Age_Category,Swim,Trans1,Bike,Trans2,Run,Finish,Comment
1,4,Stacey Shand,CAN,W1,03:12:00,00:10:31,17:05:00,00:20:51,14:05:55,34:54:17,--
--,--,Suzy Degazon,USA,W2,03:06:00,00:13:05,22:16:32,00:22:21,(6:31:24),--,"DNF 
                                    (20 laps of 40 run)"
--,--,Leslie Holton,USA,W2,03:38:00,00:09:31,20:34:18,00:17:12,(8:12:01),--,"DNF
(20 laps of 40 run)"
--,--,Jean Ho,USA,W2,04:30:00,00:23:13,(12:27:02),--,--,--,"DNF
(17 laps of 21 bike)"
