Rank,Overall,Competitor,Country,Age_Category,Swim,Trans1,Bike,Trans2,Run,Finish,Comment
1 ,11 , Katrin Burow , GER,W1, 03:28:25,--, 22:12:40,--, 40:53:32, 40:53:32,--
2 ,14 , Corinne Tummer , SUI,W2, 03:30:12,--, 25:18:27,--, 43:30:54, 43:30:54,--
3 ,17 , Sarka Kolbova , CZE,W2, 03:40:55,--, 28:27:05,--, 46:55:26, 46:55:26,--
4,35 ,Miriam Rau , GER,W2, 04:53:10,--, 31:07:15,--, 53:48:06, 53:48:06,--
5,36 , Marie Veslestaul , NOR,W1, 04:37:50,--, 29:45:48,--, 54:41:06, 54:41:06,--
6,39 , Claudia Jasperneite , GER,W1, 04:28:17,--, 29:45:36,--, 56:32:05, 56:32:05,--
7,47 , Alexandra Meixner , AUT,W2, 03:34:30,--, 19:02:11,--, --,  99.99.99,"DNF
  (73 of 112 laps bike)"
8,48 , Heide Lindemann , GER,W2, 04:38:46,--, 18:25:39,--, --,  99.99.99,"DNF
  (62 of 112 laps bike)"
